"종목","기호","거래소","부문","산업"
"Sun Pharma AR","SUN","NSE","보건의료","생물공학 및 약품"
"Sun Pharma AR","SUN","BSE","보건의료","생물공학 및 약품"
"Cipla","CIPL","NSE","보건의료","생물공학 및 약품"
"Cipla","CIPL","BSE","보건의료","생물공학 및 약품"
"Piramal Enterprises Ltd","PIRA","NSE","보건의료","생물공학 및 약품"
"Piramal Enterprises Ltd","PIRA","BSE","보건의료","생물공학 및 약품"
"Cadila Healthcare","CADI","BSE","보건의료","생물공학 및 약품"
"Cadila Healthcare","CADI","NSE","보건의료","생물공학 및 약품"
"지멘스","SIEM","BSE","보건의료","의료 장비와 용품"
"지멘스","SIEM","NSE","보건의료","의료 장비와 용품"
"Biocon","BION","BSE","보건의료","생물공학 및 약품"
"Biocon","BION","NSE","보건의료","생물공학 및 약품"
"Ranbaxy Lab.","RANB","NSE","보건의료","생물공학 및 약품"
"Dr Reddys Lab","REDY","NSE","보건의료","생물공학 및 약품"
"Dr Reddys Lab","REDY","BSE","보건의료","생물공학 및 약품"
"Lupin","LUPN","BSE","보건의료","생물공학 및 약품"
"Lupin","LUPN","NSE","보건의료","생물공학 및 약품"
"Aurobindo Pharma","ARBN","NSE","보건의료","기간 약품"
"Aurobindo Pharma","ARBN","BSE","보건의료","기간 약품"
"Divis Laboratories","DIVI","NSE","보건의료","생물공학 및 약품"
"Divis Laboratories","DIVI","BSE","보건의료","생물공학 및 약품"
"Alkem Laboratories Ltd","ALKE","NSE","보건의료","생물공학 및 약품"
"Alkem Laboratories Ltd","ALKE","BSE","보건의료","생물공학 및 약품"
"Torrent Pharmaceuticals","TORP","NSE","보건의료","생물공학 및 약품"
"Torrent Pharmaceuticals","TORP","BSE","보건의료","생물공학 및 약품"
"GSK Pharmaceuticals","GLAX","NSE","보건의료","생물공학 및 약품"
"GSK Pharmaceuticals","GLAX","BSE","보건의료","생물공학 및 약품"
"Glenmark Pharmaceuticals","GLEN","NSE","보건의료","생물공학 및 약품"
"Glenmark Pharmaceuticals","GLEN","BSE","보건의료","생물공학 및 약품"
"Apollo Hospitals","APLH","BSE","보건의료","헬쓰케어 설비"
"Apollo Hospitals","APLH","NSE","보건의료","헬쓰케어 설비"
"Natco Pharma Ltd","NATP","BSE","보건의료","생물공학 및 약품"
"Natco Pharma Ltd","NATP","NSE","보건의료","생물공학 및 약품"
"Jubilant Life Sciences","JULS","NSE","보건의료","생물공학 및 약품"
"Jubilant Life Sciences","JULS","BSE","보건의료","생물공학 및 약품"
"Ajanta Pharma Ltd","AJPH","BSE","보건의료","생물공학 및 약품"
"Ajanta Pharma Ltd","AJPH","NSE","보건의료","생물공학 및 약품"
"Sanofi India","SANO","BSE","보건의료","생물공학 및 약품"
"Sanofi India","SANO","NSE","보건의료","생물공학 및 약품"
"Syngene International Ltd","SYNN","NSE","보건의료","생물공학 및 약품"
"Syngene International Ltd","SYNN","BSE","보건의료","생물공학 및 약품"
"Abbott India Ltd","ABOT","NSE","보건의료","생물공학 및 약품"
"Abbott India Ltd","ABOT","BSE","보건의료","생물공학 및 약품"
"Eris Lifesciences","ERIS","BSE","보건의료","생물공학 및 약품"
"Eris Lifesciences","ERIS","NSE","보건의료","생물공학 및 약품"
"Alembic Pharmaceuticals Ltd","ALEM","BSE","보건의료","생물공학 및 약품"
"Alembic Pharmaceuticals Ltd","ALEM","NSE","보건의료","생물공학 및 약품"
"화이자","PFIZ","BSE","보건의료","생물공학 및 약품"
"화이자","PFIZ","NSE","보건의료","생물공학 및 약품"
"Sun Pharma Adv. Research","SPRC","BSE","보건의료","생물공학 및 약품"
"Hikal Ltd","HIKA","BSE","보건의료","생물공학 및 약품"
"Hikal Ltd","HIKA","NSE","보건의료","생물공학 및 약품"
"Panacea Biotec","PNCA","NSE","보건의료","생물공학 및 약품"
"Panacea Biotec","PNCA","BSE","보건의료","생물공학 및 약품"
"Novartis India Ltd BSE","NOIN","BSE","보건의료","생물공학 및 약품"
"Alembic Ltd","ALMC","BSE","보건의료","생물공학 및 약품"
"Alembic Ltd","ALMC","NSE","보건의료","생물공학 및 약품"
"Morepen Laboratories Ltd","MORL","BSE","보건의료","생물공학 및 약품"
"Morepen Laboratories Ltd","MORL","NSE","보건의료","생물공학 및 약품"
"Hester Biosciences Ltd","HEST","BSE","보건의료","생물공학 및 약품"
"Hester Biosciences Ltd","HEST","NSE","보건의료","생물공학 및 약품"
"Kovai Medical Center and Hospital","KMCH","BSE","보건의료","헬쓰케어 설비"
"Marksans Pharma Ltd","MARK","BSE","보건의료","생물공학 및 약품"
"Marksans Pharma Ltd","MARK","NSE","보건의료","생물공학 및 약품"
"Aarti Drugs Ltd","ADRG","BSE","보건의료","생물공학 및 약품"
"Aarti Drugs Ltd","ADRG","NSE","보건의료","생물공학 및 약품"
"Astec Lifesciences Ltd","ASTE","NSE","보건의료","생물공학 및 약품"
"Astec Lifesciences Ltd","ASTE","BSE","보건의료","생물공학 및 약품"
"Gufic Biosciences Ltd","GUFI","NSE","보건의료","생물공학 및 약품"
"Gufic Biosciences Ltd","GUFI","BSE","보건의료","생물공학 및 약품"
"TTK Healthcare","TTKH","BSE","보건의료","생물공학 및 약품"
"TTK Healthcare","TTKH","NSE","보건의료","생물공학 및 약품"
"Amrutanjan Health Care Ltd","AJAN","NSE","보건의료","생물공학 및 약품"
"Amrutanjan Health Care Ltd","AJAN","BSE","보건의료","생물공학 및 약품"
"Medicamen Biotech","MEBI","BSE","보건의료","생물공학 및 약품"
"Artemis Global","ARTM","NSE","보건의료","헬쓰케어 설비"
"Artemis Global","ARTM","BSE","보건의료","헬쓰케어 설비"
"Rpg Life Sciences Ltd","RPGL","BSE","보건의료","생물공학 및 약품"
"Neul Laboratories Ltd","NEUL","NSE","보건의료","기간 약품"
"Rpg Life Sciences Ltd","RPGL","NSE","보건의료","생물공학 및 약품"
"Neul Laboratories Ltd","NEUL","BSE","보건의료","기간 약품"
"SMS Pharmaceuticals Ltd","SMSP","NSE","보건의료","생물공학 및 약품"
"SMS Pharmaceuticals Ltd","SMSP","BSE","보건의료","생물공학 및 약품"
"Nectar Lifesciences Ltd","NECT","BSE","보건의료","생물공학 및 약품"
"Nectar Lifesciences Ltd","NECT","NSE","보건의료","생물공학 및 약품"
"Themis Medicare Ltd","THEM","BSE","보건의료","기간 약품"
"Themis Medicare Ltd","THEM","NSE","보건의료","기간 약품"
"Indraprastha Medical","IMCL","BSE","보건의료","헬쓰케어 설비"
"Indraprastha Medical","IMCL","NSE","보건의료","헬쓰케어 설비"
"Lincoln Pharmaceuticals Ltd","LINP","BSE","보건의료","생물공학 및 약품"
"Lincoln Pharmaceuticals Ltd","LINP","NSE","보건의료","생물공학 및 약품"
"Anuh Pharma","ANUH","BSE","보건의료","생물공학 및 약품"
"Vimta Labs Ltd","VIML","BSE","보건의료","생물공학 및 약품"
"Vimta Labs Ltd","VIML","NSE","보건의료","생물공학 및 약품"
"PTL Enterprises Ltd","PTLE","BSE","보건의료","헬쓰케어 설비"
"PTL Enterprises Ltd","PTLE","NSE","보건의료","헬쓰케어 설비"
"Dr Agarwal’s Eye Hospital","DRAG","BSE","보건의료","헬쓰케어 설비"
"Jenburkt Pharma","JENA","BSE","보건의료","생물공학 및 약품"
"Bajaj Healthcare Ltd","BAJH","BSE","보건의료","생물공학 및 약품"
"Ind-Swift Laboratories","ISLB","BSE","보건의료","기간 약품"
"Ind-Swift Laboratories","ISLB","NSE","보건의료","기간 약품"
"Mangalam Drugs Organics","MADR","BSE","보건의료","생물공학 및 약품"
"Mangalam Drugs Organics","MADR","NSE","보건의료","생물공학 및 약품"
"Ngl Fine Chem","NGLF","BSE","보건의료","생물공학 및 약품"
"Zenotech Laboratories","ZENL","BSE","보건의료","생물공학 및 약품"
"Krebs Biochemicals","KREB","NSE","보건의료","생물공학 및 약품"
"Krebs Biochemicals","KREB","BSE","보건의료","생물공학 및 약품"
"Kopran Ltd","KPRN","BSE","보건의료","생물공학 및 약품"
"Kopran Ltd","KPRN","NSE","보건의료","생물공학 및 약품"
"Opto Circuits","OPTO","NSE","보건의료","의료 장비와 용품"
"Opto Circuits","OPTO","BSE","보건의료","의료 장비와 용품"
"Coral Laboratories","CORL","BSE","보건의료","생물공학 및 약품"
"Albert David","ALBD","BSE","보건의료","생물공학 및 약품"
"Albert David","ALBD","NSE","보건의료","생물공학 및 약품"
"Lasa Supergenerics","LASA","BSE","보건의료","생물공학 및 약품"
"Lasa Supergenerics","LASA","NSE","보건의료","생물공학 및 약품"
"Wintac","WITL","BSE","보건의료","생물공학 및 약품"
"Mallcom India Ltd","MLCM","BSE","보건의료","의료 장비와 용품"
"Mangalam Organics","MANG","BSE","보건의료","생물공학 및 약품"
"Brooks Laboratories Ltd","BROO","NSE","보건의료","기간 약품"
"Brooks Laboratories Ltd","BROO","BSE","보건의료","기간 약품"
"Lyka Labs Ltd","LYKA","NSE","보건의료","생물공학 및 약품"
"Lyka Labs Ltd","LYKA","BSE","보건의료","생물공학 및 약품"
"SMS Lifesciences","SMSL","NSE","보건의료","생물공학 및 약품"
"SMS Lifesciences","SMSL","BSE","보건의료","생물공학 및 약품"
"Fortis Malar Hospitals","FORT","BSE","보건의료","헬쓰케어 설비"
"Bal Pharma Ltd","BALP","NSE","보건의료","생물공학 및 약품"
"Bal Pharma Ltd","BALP","BSE","보건의료","생물공학 및 약품"
"Aarey Drugs and Pharma","ADPH","BSE","보건의료","생물공학 및 약품"
"Denis Chem Lab","DECH","BSE","보건의료","생물공학 및 약품"
"Kilitch Drugs India Ltd","KIDI","BSE","보건의료","생물공학 및 약품"
"Kilitch Drugs India Ltd","KIDI","NSE","보건의료","생물공학 및 약품"
"Vista Pharmaceuticals","VIPH","BSE","보건의료","생물공학 및 약품"
"Nutraplus India","NUPI","BSE","보건의료","생물공학 및 약품"
"Piramal Phytocare Ltd","PPTL","NSE","보건의료","생물공학 및 약품"
"Piramal Phytocare Ltd","PPTL","BSE","보건의료","생물공학 및 약품"
"Orchid Pharma","ORCD","NSE","보건의료","생물공학 및 약품"
"Orchid Pharma","ORCD","BSE","보건의료","생물공학 및 약품"
"Tejnaksh Healthcare Ltd","TEJN","BSE","보건의료","헬쓰케어 설비"
"Kerala Ayurveda","KEAY","BSE","보건의료","헬쓰케어 설비"
"Everest Organics","EVER","BSE","보건의료","생물공학 및 약품"
"Bharat Immunologicals Bio","BIBC","BSE","보건의료","기간 약품"
"Ambalal Sarabhai Enterprises","AMBL","BSE","보건의료","기간 약품"
"Alpa Laboratories Ltd","ALPA","NSE","보건의료","생물공학 및 약품"
"Alpa Laboratories Ltd","ALPA","BSE","보건의료","생물공학 및 약품"
"Venus Remedies Ltd","VENR","NSE","보건의료","생물공학 및 약품"
"Venus Remedies Ltd","VENR","BSE","보건의료","생물공학 및 약품"
"Elder Pharmaceuticals","ELDP","BSE","보건의료","생물공학 및 약품"
"Elder Pharmaceuticals","ELDP","NSE","보건의료","생물공학 및 약품"
"Syncom Formulations India","SYFI","BSE","보건의료","생물공학 및 약품"
"Fervent Synergies","FERV","BSE","보건의료","생물공학 및 약품"
"Wanbury Ltd","WANB","NSE","보건의료","생물공학 및 약품"
"Wanbury Ltd","WANB","BSE","보건의료","생물공학 및 약품"
"Source Natural Foods and Herbal","SOUC","BSE","보건의료","생물공학 및 약품"
"Jagson Pal Pharmaceuticals Ltd","JGSN","NSE","보건의료","기간 약품"
"Jagson Pal Pharmaceuticals Ltd","JGSN","BSE","보건의료","기간 약품"
"Sunil Healthcare","SUHC","BSE","보건의료","생물공학 및 약품"
"Dr Datsons Labs Ltd","DRDA","NSE","보건의료","생물공학 및 약품"
"Sharon Bio Medicine Ltd","SHBM","NSE","보건의료","생물공학 및 약품"
"Sharon Bio Medicine Ltd","SHBM","BSE","보건의료","생물공학 및 약품"
"Natural Capsules","NACP","BSE","보건의료","생물공학 및 약품"
"Gujarat Themis Biosyn","GTHM","BSE","보건의료","기간 약품"
"Scandent Imaging Ltd","SCAD","BSE","보건의료","헬쓰케어 설비"
"Vikram Thermo India","VKMT","BSE","보건의료","생물공학 및 약품"
"Lotus Eye Hospital Institute","LOTS","NSE","보건의료","헬쓰케어 설비"
"Lotus Eye Hospital Institute","LOTS","BSE","보건의료","헬쓰케어 설비"
"Hindustan Adhesives","HIAD","BSE","보건의료","의료 장비와 용품"
"Dr Habeebullah Life","DRHA","BSE","보건의료","생물공학 및 약품"
"Auro Laboratories","AURL","BSE","보건의료","생물공학 및 약품"
"Bafna Pharmaceuticals Ltd","BAFP","BSE","보건의료","생물공학 및 약품"
"Bafna Pharmaceuticals Ltd","BAFP","NSE","보건의료","생물공학 및 약품"
"Vivo Bio Tech","VIVO","BSE","보건의료","생물공학 및 약품"
"Titan Biotech","TITM","BSE","보건의료","생물공학 및 약품"
"GKB Ophthalmics","GKBO","BSE","보건의료","의료 장비와 용품"
"Sterling Biotech","STBI","NSE","보건의료","생물공학 및 약품"
"Sterling Biotech","STBI","BSE","보건의료","생물공학 및 약품"
"Gennex Laboratories","GNXL","BSE","보건의료","생물공학 및 약품"
"Mercury Laboratories Ltd","MRCU","BSE","보건의료","생물공학 및 약품"
"Kretto Syscon","KRET","BSE","보건의료","의료 장비와 용품"
"Parabolic Drugs Ltd","PARB","NSE","보건의료","기간 약품"
"Parabolic Drugs Ltd","PARB","BSE","보건의료","기간 약품"
"Parenteral Drugs India Ltd","PADG","NSE","보건의료","생물공학 및 약품"
"Parenteral Drugs India Ltd","PADG","BSE","보건의료","생물공학 및 약품"
"Kwality Pharma","KWAL","BSE","보건의료","생물공학 및 약품"
"Shree Ganesh Remedies","SEEG","BSE","보건의료","생물공학 및 약품"
"Vaishali Pharma","VAIH","NSE","보건의료","생물공학 및 약품"
"BDH Ind","BDHI","BSE","보건의료","생물공학 및 약품"
"Ind Swift Ltd","INSW","BSE","보건의료","기간 약품"
"Ind Swift Ltd","INSW","NSE","보건의료","기간 약품"
"Jeevan Scientific Technology","JEEV","BSE","보건의료","생물공학 및 약품"
"Parnax Lab","PALA","BSE","보건의료","생물공학 및 약품"
"Smruthi Organics","SMOL","BSE","보건의료","생물공학 및 약품"
"Makers Laboratories","MKRS","BSE","보건의료","기간 약품"
"Zenlabs Ethica","ZNLA","BSE","보건의료","기간 약품"
"Arvind Remedies Ltd","ARRE","NSE","보건의료","생물공학 및 약품"
"Arvind Remedies Ltd","ARRE","BSE","보건의료","생물공학 및 약품"
"Plethico Pharmaceuticals Ltd","PLPH","NSE","보건의료","생물공학 및 약품"
"Plethico Pharmaceuticals Ltd","PLPH","BSE","보건의료","생물공학 및 약품"
"Celestial Biolabs Ltd","CELA","NSE","보건의료","생물공학 및 약품"
"Celestial Biolabs Ltd","CELA","BSE","보건의료","생물공학 및 약품"
"Ortin Laboratories Ltd","ORTN","BSE","보건의료","생물공학 및 약품"
"Ortin Laboratories Ltd","ORTN","NSE","보건의료","생물공학 및 약품"
"Kids Medical Systems","KIDS","BSE","보건의료","헬쓰케어 설비"
"Vanta Bioscience","VANB","BSE","보건의료","생물공학 및 약품"
"Medi Caps","MEDI","BSE","보건의료","생물공학 및 약품"
"ANG Lifesciences India","AGLI","BSE","보건의료","생물공학 및 약품"
"Vivanza Biosciences","VIVN","BSE","보건의료","생물공학 및 약품"
"N G Ind","NGID","BSE","보건의료","헬쓰케어 설비"
"Godavari Drugs","GDRU","BSE","보건의료","생물공학 및 약품"
"R J Biotech","RJBI","BSE","보건의료","생물공학 및 약품"
"Avon Lifesciences Ltd","AVOL","BSE","보건의료","생물공학 및 약품"
"Medinova Diagnostic Services","MAIN","BSE","보건의료","의료 장비와 용품"
"Span Diagnostics","SPAN","BSE","보건의료","생물공학 및 약품"
"Concord Drugs Ltd","CNCO","BSE","보건의료","생물공학 및 약품"
"Syncom Healthcare Ltd","SYNH","BSE","보건의료","생물공학 및 약품"
"Syncom Healthcare Ltd","SYNH","NSE","보건의료","생물공학 및 약품"
"Chemcrux Enterprises","CHEC","BSE","보건의료","생물공학 및 약품"
"Transgene Biotek","TRBL","BSE","보건의료","생물공학 및 약품"
"Chennai Meenakshi Multispeciality Hospital","CHEN","BSE","보건의료","헬쓰케어 설비"
"Link Pharmachem","LIPC","BSE","보건의료","생물공학 및 약품"
"KMS Medisurgi","KMSM","BSE","보건의료","의료 장비와 용품"
"Veerhealth Care","VEEH","BSE","보건의료","생물공학 및 약품"
"Secunderabad Health Care","SEHE","BSE","보건의료","헬쓰케어 설비"
"Colinz Laboratories","CLAB","BSE","보건의료","생물공학 및 약품"
"Adinath Biolabs","ACSP","BSE","보건의료","생물공학 및 약품"
"Trimurthi","TRIM","BSE","보건의료","기간 약품"
"Zyden Gentec Ltd","ZYDG","BSE","보건의료","생물공학 및 약품"
"Techtran Polylenses","TCTP","BSE","보건의료","의료 장비와 용품"
"Saamya Biotech India","SABI","BSE","보건의료","생물공학 및 약품"
"Patidar Buildcon","PATB","BSE","보건의료","생물공학 및 약품"
"Advanced Micronic Devices","ADMD","BSE","보건의료","의료 장비와 용품"
"Invicta Meditek","INME","BSE","보건의료","의료 장비와 용품"
"Surya Pharmaceutical Ltd","SURP","NSE","보건의료","기간 약품"
"Welcure Drugs and Pharma","WDP","BSE","보건의료","생물공학 및 약품"
"Pharmaids Pharmacuticals","PPHM","BSE","보건의료","기간 약품"
"Aster DM Healthcare","ATRD","NSE","보건의료","헬쓰케어 설비"
"Aster DM Healthcare","ATRD","BSE","보건의료","헬쓰케어 설비"
"Sun Pharma Adv. Research","SPRC","NSE","보건의료","생물공학 및 약품"
"IPCA Laboratories","IPCA","NSE","보건의료","생물공학 및 약품"
"IPCA Laboratories","IPCA","BSE","보건의료","생물공학 및 약품"
"Wockhardt","WCKH","NSE","보건의료","생물공학 및 약품"
"Wockhardt","WCKH","BSE","보건의료","생물공학 및 약품"
"Dr Lal PathLabs Ltd","DLPA","BSE","보건의료","헬쓰케어 설비"
"Dr Lal PathLabs Ltd","DLPA","NSE","보건의료","헬쓰케어 설비"
"Fortis Healthcare (India)","FOHE","BSE","보건의료","헬쓰케어 설비"
"Fortis Healthcare (India)","FOHE","NSE","보건의료","헬쓰케어 설비"
"Strides Shasun","STSA","NSE","보건의료","생물공학 및 약품"
"Strides Shasun","STSA","BSE","보건의료","생물공학 및 약품"
"Narayana Hrudayalaya","NARY","NSE","보건의료","헬쓰케어 설비"
"Narayana Hrudayalaya","NARY","BSE","보건의료","헬쓰케어 설비"
"Laurus Labs","LAUL","NSE","보건의료","생물공학 및 약품"
"Laurus Labs","LAUL","BSE","보건의료","생물공학 및 약품"
"Dishman Carbogen Amcis","DSHM","BSE","보건의료","생물공학 및 약품"
"Dishman Carbogen Amcis","DSHM","NSE","보건의료","생물공학 및 약품"
"Dishman Pharma and Chemicals","DISH","NSE","보건의료","생물공학 및 약품"
"FDC","FDC","NSE","보건의료","생물공학 및 약품"
"FDC","FDC","BSE","보건의료","생물공학 및 약품"
"Caplin Point Laboratories Ltd","CAPL","BSE","보건의료","생물공학 및 약품"
"Caplin Point Laboratories Ltd","CAPL","NSE","보건의료","생물공학 및 약품"
"Shilpa Medicare Ltd","SHME","NSE","보건의료","생물공학 및 약품"
"Shilpa Medicare Ltd","SHME","BSE","보건의료","생물공학 및 약품"
"Thyrocare Technologies Ltd","THYO","NSE","보건의료","헬쓰케어 설비"
"Thyrocare Technologies Ltd","THYO","BSE","보건의료","헬쓰케어 설비"
"Granules India","GRAN","BSE","보건의료","생물공학 및 약품"
"Granules India","GRAN","NSE","보건의료","생물공학 및 약품"
"Unichem Laboratories","UNLB","BSE","보건의료","기간 약품"
"Unichem Laboratories","UNLB","NSE","보건의료","기간 약품"
"JB Chemicals & Pharmaceuticals","JBCH","NSE","보건의료","생물공학 및 약품"
"JB Chemicals & Pharmaceuticals","JBCH","BSE","보건의료","생물공학 및 약품"
"Healthcare Global","HEAC","NSE","보건의료","헬쓰케어 설비"
"Healthcare Global","HEAC","BSE","보건의료","헬쓰케어 설비"
"메르크","MERK","BSE","보건의료","기간 약품"
"메르크","MERK","NSE","보건의료","기간 약품"
"Advanced Enzyme Tech","ADEN","BSE","보건의료","생물공학 및 약품"
"Advanced Enzyme Tech","ADEN","NSE","보건의료","생물공학 및 약품"
"AstraZeneca Pharma India","ASTR","NSE","보건의료","기간 약품"
"AstraZeneca Pharma India","ASTR","BSE","보건의료","기간 약품"
"Poly Medicure Ltd","PLMD","BSE","보건의료","의료 장비와 용품"
"Poly Medicure Ltd","PLMD","NSE","보건의료","의료 장비와 용품"
"Suven Life Sciences Ltd","SUVP","BSE","보건의료","생물공학 및 약품"
"Suven Life Sciences Ltd","SUVP","NSE","보건의료","생물공학 및 약품"
"Bliss GVS Pharma Ltd","BLIS","NSE","보건의료","생물공학 및 약품"
"Bliss GVS Pharma Ltd","BLIS","BSE","보건의료","생물공학 및 약품"
"Indoco Remedies Ltd","INRM","BSE","보건의료","생물공학 및 약품"
"Indoco Remedies Ltd","INRM","NSE","보건의료","생물공학 및 약품"
"SeQuent Scientific","SEQU","BSE","보건의료","생물공학 및 약품"
"SeQuent Scientific","SEQU","NSE","보건의료","생물공학 및 약품"